자전거번호,대여일시,대여소번호,대여소명,대여거치대,반납일시,반납대여소번호,반납대여소명,반납거치대,이용시간,이용거리,나이
SPB-23220,2020-12-05 8:48,646,장한평역 1번출구 (국민은행앞),3,2020-12-05 9:01,3,중랑센터,7,12,1100,50
SPB-16216,2020-12-08 8:38,646,장한평역 1번출구 (국민은행앞),2,2020-12-08 8:56,3,중랑센터,2,7,1420,50
SPB-16212,2020-12-08 8:38,646,장한평역 1번출구 (국민은행앞),1,2020-12-08 8:56,3,중랑센터,2,7,1420,50
SPB-21097,2020-12-08 8:46,646,장한평역 1번출구 (국민은행앞),1,2020-12-08 8:57,3,중랑센터,7,10,,32
SPB-22292,2020-12-09 8:34,646,장한평역 1번출구 (국민은행앞),1,2020-12-09 8:45,3,중랑센터,,10,1380,21
SPB-07935,2020-12-09 12:29,512,뚝섬역 1번 출구 옆,11,2020-12-09 12:39,3,중랑센터,7,10,1650,120
SPB-18401,2020-12-10 8:52,646,장한평역 1번출구 (국민은행앞),1,2020-12-10 9:09,3,중랑센터,7,11,1350,30
SPB-18350,2020-12-10 8:35,646,장한평역 1번출구 (국민은행앞),1,2020-12-10 9:10,3,중랑센터,2,9,1390,26
SPB-11557,2020-12-12 14:52,3,중랑센터,7,2020-12-12 15:40,3,중랑센터,7,47,0,29
SPB-20220,2020-12-15 8:35,646,장한평역 1번출구 (국민은행앞),2,2020-12-15 8:42,3,중랑센터,2,6,1160,53
SPB-20102,2020-12-15 9:45,646,장한평역 1번출구 (국민은행앞),8,2020-12-15 10:17,3,중랑센터,7,30,1060,54
SPB-10000,2020-12-16 8:35,646,장한평역 1번출구 (국민은행앞),8,2020-12-16 8:44,3,중랑센터,2,8,1300,30
SPB-20145,2020-12-17 8:30,646,장한평역 1번출구 (국민은행앞),9,2020-12-17 8:38,3,중랑센터,2,,1060,30
SPB-19057,2020-12-17 8:55,646,장한평역 1번출구 (국민은행앞),4,2020-12-17 9:08,3,중랑센터,7,11,,57
SPB-19645,2020-12-18 9:44,646,장한평역 1번출구 (국민은행앞),,2020-12-18 10:01,3,중랑센터,7,16,1140,59
SPB-21851,2020-12-18 9:33,646,장한평역 1번출구 (국민은행앞),10,2020-12-18 10:02,3,중랑센터,2,28,1220,51
SPB-13973,2020-12-19 8:42,646,장한평역 1번출구 (국민은행앞),1,2020-12-19 8:50,3,중랑센터,2,6,1370,32
SPB-22311,2020-12-22 8:32,646,장한평역 1번출구 (국민은행앞),6,2020-12-22 8:39,3,중랑센터,2,,1350,31
SPB-02270,2020-12-22 8:49,646,장한평역 1번출구 (국민은행앞),4,2020-12-22 9:01,3,중랑센터,7,11,1350,31
SPB-23659,2020-12-25 8:36,646,장한평역 1번출구 (국민은행앞),,2020-12-25 8:44,3,중랑센터,2,6,1130,33
SPB-23497,2020-12-25 8:50,646,장한평역 1번출구 (국민은행앞),2,2020-12-25 9:04,3,중랑센터,7,13,1330,32
SPB-21925,2020-12-26 8:49,529,장한평역 8번 출구 앞,5,2020-12-26 9:04,3,중랑센터,7,13,1030,32
SPB-21810,2020-12-29 8:41,646,장한평역 1번출구 (국민은행앞),5,2020-12-29 8:49,3,중랑센터,2,7,1310,50
SPB-05857,2020-12-30 8:40,646,장한평역 1번출구 (국민은행앞),6,2020-12-30 8:48,3,중랑센터,2,,1380,41
SPB-19256,2020-12-30 10:20,3,중랑센터,7,2020-12-30 10:24,3,중랑센터,,3,,29
SPB-20076,2021-01-01 8:37,646,장한평역 1번출구 (국민은행앞),6,2021-01-01 8:44,3,중랑센터,2,5,1070,51
SPB-19643,2020-12-10 8:43,419,홈플러스 앞,,2020-12-10 9:26,5,상암센터 정비실,5,42,450,41
SPB-15211,2020-12-19 8:42,419,홈플러스 앞,18,2020-12-19 9:16,5,상암센터 정비실,5,33,550,43
SPB-24468,2020-12-26 8:36,911,은평평화공원(역촌역4번출구),10,2020-12-26 8:58,5,상암센터 정비실,6,20,5170,22
SPB-09287,2020-12-30 8:36,911,은평평화공원(역촌역4번출구),4,2020-12-30 9:21,5,상암센터 정비실,6,42,5800,57
SPB-21611,2020-12-31 8:34,911,은평평화공원(역촌역4번출구),,2020-12-31 8:55,5,상암센터 정비실,6,,5350,38
SPB-20840,2021-01-01 8:32,419,홈플러스 앞,1,2021-01-01 8:35,5,상암센터 정비실,5,3,280,533
SPB-05354,2021-01-01 8:31,911,은평평화공원(역촌역4번출구),10,2021-01-01 8:54,5,상암센터 정비실,6,22,5410,28
SPB-21142,2021-01-02 8:28,911,은평평화공원(역촌역4번출구),3,2021-01-02 8:51,5,상암센터 정비실,6,21,5260,22
SPB-18368,2020-12-05 0:28,108,서교동 사거리,10,2020-12-05 0:41,101,(구)합정동 주민센터,5,11,1520,28
SPB-07827,2020-12-05 1:21,199,서울 월드컵 경기장,11,2020-12-05 1:36,101,(구)합정동 주민센터,1,13,2840,45
SPB-13046,2020-12-05 2:13,102,망원역 1번출구 앞,11,2020-12-05 2:20,101,(구)합정동 주민센터,1,7,1170,33
SPB-13046,2020-12-05 2:21,101,(구)합정동 주민센터,1,2020-12-05 2:30,101,(구)합정동 주민센터,1,9,950,35
SPB-14246,2020-12-05 2:21,120,신수동 사거리,5,2020-12-05 2:45,101,(구)합정동 주민센터,2,23,,46
SPB-11282,2020-12-05 3:30,106,합정역 7번출구 앞,5,2020-12-05 3:39,101,(구)합정동 주민센터,1,8,590,27
SPB-07875,2020-12-05 6:43,421,마포구청 앞,5,2020-12-05 6:55,101,(구)합정동 주민센터,3,11,1920,56
SPB-25272,2020-12-05 8:13,956,응암시장교차로,5,2020-12-05 8:42,101,(구)합정동 주민센터,,27,6670,26
SPB-19505,2020-12-05 9:50,104,합정역 1번출구 앞,1,2020-12-05 10:03,101,(구)합정동 주민센터,3,12,1220,37
SPB-13046,2020-12-05 10:35,101,(구)합정동 주민센터,2,2020-12-05 10:37,101,(구)합정동 주민센터,3,2,20,48
SPB-11488,2020-12-05 12:02,103,망원역 2번출구 앞,12,2020-12-05 12:09,101,(구)합정동 주민센터,1,6,1010,54
SPB-14142,2020-12-05 13:06,152,마포구민체육센터 앞,27,2020-12-05 13:12,101,(구)합정동 주민센터,5,,1190,40
SPB-11221,2020-12-05 13:59,125,서강대 남문 옆,10,2020-12-05 14:24,101,(구)합정동 주민센터,5,24,4940,25
SPB-01182,2020-12-05 15:08,113,홍대입구역 2번출구 앞,24,2020-12-05 15:22,101,(구)합정동 주민센터,4,13,2300,29
SPB-11637,2020-12-05 15:35,103,망원역 2번출구 앞,4,2020-12-05 15:41,101,(구)합정동 주민센터,2,5,1110,320
SPB-17056,2020-12-05 16:54,106,합정역 7번출구 앞,7,2020-12-05 17:01,101,(구)합정동 주민센터,5,6,830,31
SPB-17169,2020-12-05 18:32,148,용강동 주민센터 앞,,2020-12-05 19:05,101,(구)합정동 주민센터,2,32,5440,24
SPB-03131,2020-12-05 18:34,226,샛강역 1번출구 앞,14,2020-12-05 19:10,101,(구)합정동 주민센터,1,35,6890,22
SPB-00122,2020-12-05 18:55,113,홍대입구역 2번출구 앞,25,2020-12-05 19:14,101,(구)합정동 주민센터,,19,2790,26
SPB-15851,2020-12-05 19:15,128,신촌역(2호선) 1번출구 옆,18,2020-12-05 19:34,101,(구)합정동 주민센터,1,18,3750,30
SPB-05526,2020-12-05 19:39,106,합정역 7번출구 앞,4,2020-12-05 19:46,101,(구)합정동 주민센터,2,6,920,58
SPB-03131,2020-12-05 19:44,106,합정역 7번출구 앞,4,2020-12-05 19:48,101,(구)합정동 주민센터,1,3,890,42
SPB-05526,2020-12-05 19:50,101,(구)합정동 주민센터,2,2020-12-05 20:03,101,(구)합정동 주민센터,4,12,1570,21
SPB-06179,2020-12-05 20:13,267,삼성화재 사옥 옆,1,2020-12-05 20:26,101,(구)합정동 주민센터,2,12,2380,41
SPB-07887,2020-12-05 20:22,104,합정역 1번출구 앞,6,2020-12-05 20:30,101,(구)합정동 주민센터,3,,770,31
SPB-08747,2020-12-05 20:37,115,사루비아 빌딩 앞,15,2020-12-05 20:53,101,(구)합정동 주민센터,5,16,2670,44
SPB-21427,2020-12-05 20:50,826,서울역 서부교차로2,20,2020-12-05 21:19,101,(구)합정동 주민센터,5,27,6100,22
SPB-12849,2020-12-05 22:32,102,망원역 1번출구 앞,7,2020-12-05 22:40,101,(구)합정동 주민센터,1,7,1120,21
SPB-12120,2020-12-05 22:23,391,정동길입구,4,2020-12-05 23:02,101,(구)합정동 주민센터,3,38,6330,39
SPB-12825,2020-12-05 23:45,103,망원역 2번출구 앞,7,2020-12-05 23:51,101,(구)합정동 주민센터,1,5,790,36
SPB-06785,2020-12-06 0:32,105,합정역 5번출구 앞,1,2020-12-06 0:47,101,(구)합정동 주민센터,5,14,1360,24
SPB-15349,2020-12-06 1:14,104,합정역 1번출구 앞,,2020-12-06 1:20,101,(구)합정동 주민센터,1,5,1040,42
SPB-24484,2020-12-06 1:19,137,NH농협 신촌지점 앞,4,2020-12-06 1:35,101,(구)합정동 주민센터,3,16,3840,32
SPB-11364,2020-12-06 2:17,154,마포구청역,2,2020-12-06 2:26,101,(구)합정동 주민센터,5,9,1630,38
SPB-07767,2020-12-06 2:52,115,사루비아 빌딩 앞,4,2020-12-06 3:08,101,(구)합정동 주민센터,5,14,1710,54
SPB-16514,2020-12-06 5:11,106,합정역 7번출구 앞,2,2020-12-06 5:18,101,(구)합정동 주민센터,1,6,820,25
SPB-25390,2020-12-06 10:49,409,누리꿈스퀘어 옆,14,2020-12-06 11:36,101,(구)합정동 주민센터,1,46,6980,27
SPB-08265,2020-12-06 14:24,104,합정역 1번출구 앞,2,2020-12-06 14:53,101,(구)합정동 주민센터,1,28,,28
SPB-24767,2020-12-06 14:54,106,합정역 7번출구 앞,6,2020-12-06 15:21,101,(구)합정동 주민센터,4,27,810,26
SPB-01372,2020-12-06 15:34,104,합정역 1번출구 앞,,2020-12-06 15:43,101,(구)합정동 주민센터,2,8,1230,42
SPB-04854,2020-12-06 14:07,104,합정역 1번출구 앞,5,2020-12-06 15:54,101,(구)합정동 주민센터,5,106,3110,23
SPB-21518,2020-12-06 16:00,116,일진아이윌아파트 옆,3,2020-12-06 16:49,101,(구)합정동 주민센터,,46,3980,22
SPB-22668,2020-12-06 16:02,116,일진아이윌아파트 옆,3,2020-12-06 16:50,101,(구)합정동 주민센터,4,46,42070,22
SPB-07402,2020-12-06 16:45,151,망원1동주민센터,1,2020-12-06 16:59,101,(구)합정동 주민센터,3,,1250,41
SPB-10270,2020-12-06 16:41,151,망원1동주민센터,2,2020-12-06 16:59,101,(구)합정동 주민센터,4,16,1080,27
SPB-18146,2020-12-06 17:20,826,서울역 서부교차로2,14,2020-12-06 17:51,101,(구)합정동 주민센터,5,30,6930,26
SPB-24483,2020-12-06 17:29,272,당산육갑문,3,2020-12-06 17:58,101,(구)합정동 주민센터,2,28,4680,24
SPB-22746,2020-12-06 18:03,115,사루비아 빌딩 앞,9,2020-12-06 18:17,101,(구)합정동 주민센터,2,13,2210,22
SPB-08676,2020-12-06 18:25,108,서교동 사거리,4,2020-12-06 18:48,101,(구)합정동 주민센터,1,20,2570,22
SPB-07205,2020-12-06 18:30,175,홍연2교옆,18,2020-12-06 18:52,101,(구)합정동 주민센터,1,21,6750,36
SPB-08676,2020-12-06 18:51,101,(구)합정동 주민센터,1,2020-12-06 19:11,101,(구)합정동 주민센터,1,17,1320,22
SPB-07205,2020-12-06 20:24,101,(구)합정동 주민센터,1,2020-12-06 20:41,101,(구)합정동 주민센터,1,16,1470,37
SPB-07402,2020-12-06 19:54,101,(구)합정동 주민센터,3,2020-12-06 21:01,101,(구)합정동 주민센터,4,65,2280,27
SPB-04854,2020-12-06 19:52,101,(구)합정동 주민센터,5,2020-12-06 21:01,101,(구)합정동 주민센터,2,,2300,220
SPB-08676,2020-12-06 19:53,101,(구)합정동 주민센터,,2020-12-06 21:13,101,(구)합정동 주민센터,1,69,2230,26
SPB-12120,2020-12-06 20:30,419,홈플러스 앞,15,2020-12-06 21:14,101,(구)합정동 주민센터,5,44,4200,43
SPB-03614,2020-12-06 20:28,419,홈플러스 앞,,2020-12-06 21:15,101,(구)합정동 주민센터,,46,5720,24
SPB-06590,2020-12-06 21:00,182,망원2빗물펌프장 앞,2,2020-12-06 21:23,101,(구)합정동 주민센터,1,22,2580,21
SPB-07497,2020-12-06 21:22,3102,연희삼거리,9,2020-12-06 21:41,101,(구)합정동 주민센터,5,17,3410,34
SPB-22287,2020-12-06 22:56,112,극동방송국 앞,2,2020-12-06 23:09,101,(구)합정동 주민센터,2,12,1610,42
SPB-23827,2020-12-06 23:14,113,홍대입구역 2번출구 앞,11,2020-12-06 23:26,101,(구)합정동 주민센터,3,11,1850,60
SPB-11003,2020-12-06 23:45,102,망원역 1번출구 앞,9,2020-12-06 23:52,101,(구)합정동 주민센터,2,6,,21
SPB-09782,2020-12-06 23:35,129,신촌역(2호선) 6번출구 옆,2,2020-12-06 23:55,101,(구)합정동 주민센터,5,18,3080,40
SPB-17282,2020-12-06 23:56,113,홍대입구역 2번출구 앞,11,2020-12-07 0:07,101,(구)합정동 주민센터,3,11,2270,24
SPB-22781,2020-12-06 23:26,113,홍대입구역 2번출구 앞,10,2020-12-07 0:09,101,(구)합정동 주민센터,5,42,4630,22
SPB-11651,2020-12-06 23:54,228,선유도역 3번출구 앞,8,2020-12-07 0:09,101,(구)합정동 주민센터,3,15,2290,23
SPB-17117,2020-12-07 0:08,102,망원역 1번출구 앞,10,2020-12-07 0:17,101,(구)합정동 주민센터,2,9,1110,31
SPB-22287,2020-12-07 8:56,101,(구)합정동 주민센터,2,2020-12-07 9:28,101,(구)합정동 주민센터,1,30,1410,33
SPB-01372,2020-12-07 9:48,182,망원2빗물펌프장 앞,7,2020-12-07 10:48,101,(구)합정동 주민센터,4,59,4370,22
SPB-15238,2020-12-07 10:29,139,연세대 정문 건너편,12,2020-12-07 10:53,101,(구)합정동 주민센터,2,24,3820,21
SPB-10191,2020-12-07 11:56,105,합정역 5번출구 앞,,2020-12-07 12:35,101,(구)합정동 주민센터,4,38,1610,24
SPB-10735,2020-12-07 12:15,106,합정역 7번출구 앞,10,2020-12-07 12:41,101,(구)합정동 주민센터,1,25,2180,27
SPB-07497,2020-12-07 12:46,151,망원1동주민센터,4,2020-12-07 12:54,101,(구)합정동 주민센터,5,7,1080,21
SPB-05156,2020-12-07 14:04,103,망원역 2번출구 앞,8,2020-12-07 14:40,101,(구)합정동 주민센터,5,35,1140,27
SPB-23965,2020-12-07 14:39,152,마포구민체육센터 앞,28,2020-12-07 14:46,101,(구)합정동 주민센터,1,6,1100,37
SPB-21140,2020-12-07 15:38,104,합정역 1번출구 앞,10,2020-12-07 15:46,101,(구)합정동 주민센터,1,7,0,25
SPB-21140,2020-12-07 16:09,106,합정역 7번출구 앞,9,2020-12-07 16:14,101,(구)합정동 주민센터,2,4,0,24
SPB-18241,2020-12-07 14:26,2103,신림동 우방아파트,3,2020-12-07 16:27,101,(구)합정동 주민센터,4,121,17060,24
SPB-14209,2020-12-07 14:26,2103,신림동 우방아파트,1,2020-12-07 16:28,101,(구)합정동 주민센터,1,121,16910,46
SPB-06227,2020-12-07 16:27,151,망원1동주민센터,8,2020-12-07 16:34,101,(구)합정동 주민센터,3,6,1170,23
SPB-16593,2020-12-07 17:16,106,합정역 7번출구 앞,1,2020-12-07 18:11,101,(구)합정동 주민센터,5,54,860,25
SPB-18241,2020-12-07 17:45,101,(구)합정동 주민센터,4,2020-12-07 18:12,101,(구)합정동 주민센터,4,26,2560,39
SPB-20935,2020-12-07 18:09,183,하늘채코오롱아파트 건너편,13,2020-12-07 18:29,101,(구)합정동 주민센터,1,18,2700,61
SPB-17422,2020-12-07 19:34,151,망원1동주민센터,9,2020-12-07 19:48,101,(구)합정동 주민센터,1,13,1050,38
SPB-06227,2020-12-07 19:35,151,망원1동주민센터,8,2020-12-07 19:48,101,(구)합정동 주민센터,3,12,1060,25
SPB-14926,2020-12-07 19:46,106,합정역 7번출구 앞,6,2020-12-07 19:53,101,(구)합정동 주민센터,5,6,910,22
SPB-15011,2020-12-07 19:53,182,망원2빗물펌프장 앞,4,2020-12-07 20:31,101,(구)합정동 주민센터,4,37,4240,21
SPB-24564,2020-12-07 19:24,182,망원2빗물펌프장 앞,3,2020-12-07 20:38,101,(구)합정동 주민센터,1,72,8530,25
SPB-21795,2020-12-07 20:59,106,합정역 7번출구 앞,8,2020-12-07 21:04,101,(구)합정동 주민센터,3,5,450,24
SPB-12801,2020-12-07 21:15,114,홍대입구역 8번출구 앞,3,2020-12-07 21:33,101,(구)합정동 주민센터,1,16,1940,23
SPB-22075,2020-12-07 21:50,152,마포구민체육센터 앞,,2020-12-07 21:57,101,(구)합정동 주민센터,1,6,970,69
SPB-07429,2020-12-07 21:39,440,하늘공원 입구,5,2020-12-07 22:06,101,(구)합정동 주민센터,2,25,4030,23
SPB-14782,2020-12-07 22:17,184,SK망원동주유소 건너편,1,2020-12-07 22:26,101,(구)합정동 주민센터,1,8,1490,26
SPB-18241,2020-12-07 22:31,196,연희교차로 인근,1,2020-12-07 22:58,101,(구)합정동 주민센터,5,26,4430,30
SPB-21795,2020-12-07 22:56,101,(구)합정동 주민센터,3,2020-12-07 23:02,101,(구)합정동 주민센터,2,5,280,23
SPB-03349,2020-12-07 23:03,124,서강대 정문 건너편,5,2020-12-07 23:23,101,(구)합정동 주민센터,3,19,,40
SPB-22403,2020-12-07 23:45,119,서강나루 공원,10,2020-12-07 23:59,101,(구)합정동 주민센터,5,,1530,62
SPB-18241,2020-12-07 23:45,101,(구)합정동 주민센터,5,2020-12-08 0:16,101,(구)합정동 주민센터,5,30,3810,33
SPB-24421,2020-12-08 0:01,419,홈플러스 앞,11,2020-12-08 0:29,101,(구)합정동 주민센터,5,27,3540,33
SPB-24856,2020-12-08 0:05,419,홈플러스 앞,14,2020-12-08 0:29,101,(구)합정동 주민센터,1,22,4250,30
SPB-01878,2020-12-08 0:03,419,홈플러스 앞,15,2020-12-08 0:29,101,(구)합정동 주민센터,1,25,4450,39
SPB-07435,2020-12-08 2:08,151,망원1동주민센터,7,2020-12-08 2:14,101,(구)합정동 주민센터,3,5,700,26
SPB-24875,2020-12-08 3:56,264,교보생명보험 앞,3,2020-12-08 4:12,101,(구)합정동 주민센터,1,15,3320,31
SPB-01717,2020-12-08 9:09,438,성산2-1 공영주차장,1,2020-12-08 9:26,101,(구)합정동 주민센터,4,15,3900,21
SPB-06287,2020-12-08 9:05,203,국회의사당역 3번출구 옆,1,2020-12-08 9:28,101,(구)합정동 주민센터,3,22,5020,22
SPB-15658,2020-12-08 10:08,228,선유도역 3번출구 앞,6,2020-12-08 10:28,101,(구)합정동 주민센터,5,20,2860,29
SPB-15658,2020-12-08 11:03,101,(구)합정동 주민센터,5,2020-12-08 12:27,101,(구)합정동 주민센터,4,83,3850,28
SPB-15658,2020-12-08 12:38,101,(구)합정동 주민센터,4,2020-12-08 12:53,101,(구)합정동 주민센터,2,14,2590,55
SPB-22075,2020-12-08 12:25,101,(구)합정동 주민센터,1,2020-12-08 12:54,101,(구)합정동 주민센터,5,27,490,38
SPB-15142,2020-12-08 12:33,152,마포구민체육센터 앞,23,2020-12-08 13:17,101,(구)합정동 주민센터,4,44,0,22
SPB-24564,2020-12-08 14:47,101,(구)합정동 주민센터,1,2020-12-08 15:27,101,(구)합정동 주민센터,1,39,3300,42
SPB-19967,2020-12-08 15:01,102,망원역 1번출구 앞,11,2020-12-08 15:30,101,(구)합정동 주민센터,3,27,2010,23
SPB-00069,2020-12-08 15:01,102,망원역 1번출구 앞,12,2020-12-08 15:30,101,(구)합정동 주민센터,4,28,1940,21
SPB-17778,2020-12-08 15:23,184,SK망원동주유소 건너편,9,2020-12-08 15:34,101,(구)합정동 주민센터,5,11,1700,41
SPB-17778,2020-12-08 17:16,101,(구)합정동 주민센터,,2020-12-08 17:41,101,(구)합정동 주민센터,1,24,1750,34
SPB-24758,2020-12-08 17:59,106,합정역 7번출구 앞,7,2020-12-08 18:20,101,(구)합정동 주민센터,5,20,1130,65
SPB-20844,2020-12-08 17:55,115,사루비아 빌딩 앞,3,2020-12-08 18:21,101,(구)합정동 주민센터,1,24,3110,22
SPB-23976,2020-12-08 18:00,129,신촌역(2호선) 6번출구 옆,9,2020-12-08 18:27,101,(구)합정동 주민센터,3,25,3350,24
SPB-05001,2020-12-08 18:23,102,망원역 1번출구 앞,19,2020-12-08 18:30,101,(구)합정동 주민센터,2,6,1180,37
SPB-12291,2020-12-08 18:10,409,누리꿈스퀘어 옆,1,2020-12-08 18:34,101,(구)합정동 주민센터,4,23,4660,42
SPB-02431,2020-12-08 18:18,148,용강동 주민센터 앞,1,2020-12-08 18:45,101,(구)합정동 주민센터,1,27,5510,23
SPB-08458,2020-12-08 18:44,108,서교동 사거리,5,2020-12-08 19:03,101,(구)합정동 주민센터,2,18,2100,43
SPB-13180,2020-12-08 18:45,108,서교동 사거리,4,2020-12-08 19:03,101,(구)합정동 주민센터,1,17,1590,36
SPB-22308,2020-12-08 19:39,106,합정역 7번출구 앞,8,2020-12-08 19:46,101,(구)합정동 주민센터,4,6,910,21
SPB-23976,2020-12-08 19:15,101,(구)합정동 주민센터,3,2020-12-08 19:46,101,(구)합정동 주민센터,3,30,2120,23
SPB-04641,2020-12-08 19:52,105,합정역 5번출구 앞,2,2020-12-08 19:59,101,(구)합정동 주민센터,3,6,1020,22
SPB-14959,2020-12-08 19:55,151,망원1동주민센터,4,2020-12-08 20:54,101,(구)합정동 주민센터,2,57,5200,47
SPB-16645,2020-12-08 21:07,826,서울역 서부교차로2,18,2020-12-08 21:33,101,(구)합정동 주민센터,2,26,6850,36
SPB-04641,2020-12-08 21:33,101,(구)합정동 주민센터,3,2020-12-08 21:42,101,(구)합정동 주민센터,1,,0,45
SPB-12220,2020-12-08 21:41,432,마포중앙도서관,1,2020-12-08 21:52,101,(구)합정동 주민센터,3,9,1840,27
SPB-13543,2020-12-08 21:19,121,마포소방서 앞,,2020-12-08 22:06,101,(구)합정동 주민센터,1,47,3430,21
SPB-06676,2020-12-08 22:04,151,망원1동주민센터,5,2020-12-08 22:12,101,(구)합정동 주민센터,1,6,1040,32
SPB-23824,2020-12-08 22:18,104,합정역 1번출구 앞,2,2020-12-08 22:23,101,(구)합정동 주민센터,5,5,780,41
SPB-24084,2020-12-08 22:23,103,망원역 2번출구 앞,4,2020-12-08 22:40,101,(구)합정동 주민센터,1,15,750,22
SPB-11840,2020-12-08 22:40,104,합정역 1번출구 앞,7,2020-12-08 22:47,101,(구)합정동 주민센터,5,7,870,34
SPB-08884,2020-12-08 22:40,104,합정역 1번출구 앞,1,2020-12-08 22:47,101,(구)합정동 주민센터,1,7,1120,29
SPB-22099,2020-12-08 22:33,128,신촌역(2호선) 1번출구 옆,6,2020-12-08 22:52,101,(구)합정동 주민센터,3,18,3010,29
SPB-22641,2020-12-08 22:26,391,정동길입구,5,2020-12-08 23:10,101,(구)합정동 주민센터,2,43,6340,36
SPB-09543,2020-12-08 23:32,102,망원역 1번출구 앞,8,2020-12-08 23:42,101,(구)합정동 주민센터,1,9,1140,29
SPB-14426,2020-12-09 0:08,109,제일빌딩 앞,10,2020-12-09 0:16,101,(구)합정동 주민센터,1,7,1410,25
SPB-06938,2020-12-09 0:37,306,광화문역 7번출구 앞,4,2020-12-09 1:11,101,(구)합정동 주민센터,4,34,8160,23
SPB-07062,2020-12-09 1:21,151,망원1동주민센터,,2020-12-09 1:27,101,(구)합정동 주민센터,3,5,1050,33
SPB-12641,2020-12-09 1:34,102,망원역 1번출구 앞,12,2020-12-09 1:41,101,(구)합정동 주민센터,3,6,1110,36
SPB-23475,2020-12-09 1:49,103,망원역 2번출구 앞,13,2020-12-09 1:55,101,(구)합정동 주민센터,1,5,740,42
SPB-22450,2020-12-09 2:06,106,합정역 7번출구 앞,4,2020-12-09 2:11,101,(구)합정동 주민센터,3,5,480,26
SPB-13900,2020-12-09 9:16,103,망원역 2번출구 앞,6,2020-12-09 9:23,101,(구)합정동 주민센터,2,6,1060,47
SPB-14571,2020-12-09 9:09,438,성산2-1 공영주차장,2,2020-12-09 9:27,101,(구)합정동 주민센터,5,17,,37
SPB-14571,2020-12-09 9:52,104,합정역 1번출구 앞,2,2020-12-09 9:57,101,(구)합정동 주민센터,1,5,1130,32
SPB-13900,2020-12-09 9:43,101,(구)합정동 주민센터,2,2020-12-09 10:27,101,(구)합정동 주민센터,1,43,4810,23
SPB-02659,2020-12-09 11:44,113,홍대입구역 2번출구 앞,25,2020-12-09 11:57,101,(구)합정동 주민센터,1,12,1770,21
SPB-14784,2020-12-09 13:02,152,마포구민체육센터 앞,21,2020-12-09 13:19,101,(구)합정동 주민센터,5,17,1790,27
SPB-06274,2020-12-09 12:54,102,망원역 1번출구 앞,15,2020-12-09 13:26,101,(구)합정동 주민센터,4,32,2440,40
SPB-20864,2020-12-09 13:18,111,상수역 2번출구 앞,10,2020-12-09 13:36,101,(구)합정동 주민센터,1,,3680,41
SPB-14919,2020-12-09 12:53,181,망원초록길 입구,6,2020-12-09 13:46,101,(구)합정동 주민센터,1,52,3780,60
SPB-05318,2020-12-09 13:35,427,성산시영아파트,,2020-12-09 13:51,101,(구)합정동 주민센터,3,15,3210,33
SPB-06770,2020-12-09 13:32,125,서강대 남문 옆,6,2020-12-09 13:53,101,(구)합정동 주민센터,1,21,3570,31
SPB-12842,2020-12-09 15:30,113,홍대입구역 2번출구 앞,22,2020-12-09 15:50,101,(구)합정동 주민센터,4,18,1860,25
SPB-12842,2020-12-09 15:56,101,(구)합정동 주민센터,4,2020-12-09 16:03,101,(구)합정동 주민센터,2,6,700,21
SPB-03622,2020-12-09 16:35,152,마포구민체육센터 앞,6,2020-12-09 16:43,101,(구)합정동 주민센터,4,7,1160,40
SPB-18327,2020-12-09 16:49,196,연희교차로 인근,8,2020-12-09 17:13,101,(구)합정동 주민센터,5,22,4140,36
SPB-14886,2020-12-09 18:07,104,합정역 1번출구 앞,2,2020-12-09 18:16,101,(구)합정동 주민센터,3,8,1080,40
SPB-21192,2020-12-09 17:54,203,국회의사당역 3번출구 옆,2,2020-12-09 18:18,101,(구)합정동 주민센터,2,22,3940,42
SPB-20543,2020-12-09 18:07,409,누리꿈스퀘어 옆,4,2020-12-09 18:32,101,(구)합정동 주민센터,2,24,4220,29
SPB-20995,2020-12-09 18:13,148,용강동 주민센터 앞,,2020-12-09 18:41,101,(구)합정동 주민센터,1,27,4560,21
SPB-23690,2020-12-09 18:41,247,당산역 10번출구 앞,9,2020-12-09 18:59,101,(구)합정동 주민센터,5,17,2930,23
SPB-25430,2020-12-09 18:14,224,롯데캐슬 앞,17,2020-12-09 19:06,101,(구)합정동 주민센터,4,49,7260,26
SPB-05808,2020-12-09 19:11,410,상암중학교 옆,3,2020-12-09 19:32,101,(구)합정동 주민센터,2,20,5500,29
SPB-11531,2020-12-09 19:41,104,합정역 1번출구 앞,8,2020-12-09 19:50,101,(구)합정동 주민센터,1,9,1090,21
SPB-11062,2020-12-09 20:20,129,신촌역(2호선) 6번출구 옆,9,2020-12-09 20:51,101,(구)합정동 주민센터,1,30,3170,28
SPB-03991,2020-12-09 20:34,111,상수역 2번출구 앞,9,2020-12-09 21:03,101,(구)합정동 주민센터,2,28,3980,32
SPB-05365,2020-12-09 21:06,106,합정역 7번출구 앞,5,2020-12-09 21:13,101,(구)합정동 주민센터,5,6,970,27
SPB-23327,2020-12-09 22:14,391,정동길입구,2,2020-12-09 22:54,101,(구)합정동 주민센터,,37,7210,55
SPB-18099,2020-12-09 23:30,102,망원역 1번출구 앞,20,2020-12-09 23:48,101,(구)합정동 주민센터,1,17,1780,27
SPB-06638,2020-12-09 22:52,413,상암월드컵파크 3단지 후문,8,2020-12-10 0:05,101,(구)합정동 주민센터,1,73,6900,57
SPB-08746,2020-12-09 22:51,413,상암월드컵파크 3단지 후문,2,2020-12-10 0:06,101,(구)합정동 주민센터,4,74,6520,52
SPB-18099,2020-12-10 0:00,101,(구)합정동 주민센터,1,2020-12-10 0:16,101,(구)합정동 주민센터,4,15,1610,21
SPB-23690,2020-12-10 0:27,106,합정역 7번출구 앞,4,2020-12-10 0:32,101,(구)합정동 주민센터,1,5,710,41
SPB-19171,2020-12-10 1:42,151,망원1동주민센터,,2020-12-10 1:48,101,(구)합정동 주민센터,5,5,1060,25
SPB-11997,2020-12-10 7:50,956,응암시장교차로,9,2020-12-10 8:18,101,(구)합정동 주민센터,4,28,6160,24
SPB-15978,2020-12-10 8:45,103,망원역 2번출구 앞,14,2020-12-10 8:52,101,(구)합정동 주민센터,4,6,1110,60
SPB-21502,2020-12-10 9:07,103,망원역 2번출구 앞,8,2020-12-10 9:17,101,(구)합정동 주민센터,2,9,950,24
SPB-04119,2020-12-10 9:49,104,합정역 1번출구 앞,8,2020-12-10 9:56,101,(구)합정동 주민센터,1,6,1140,36
SPB-19116,2020-12-10 10:36,228,선유도역 3번출구 앞,9,2020-12-10 10:52,101,(구)합정동 주민센터,4,16,3000,38
SPB-18670,2020-12-10 11:41,113,홍대입구역 2번출구 앞,22,2020-12-10 11:54,101,(구)합정동 주민센터,1,12,1990,25
SPB-25280,2020-12-10 10:35,103,망원역 2번출구 앞,8,2020-12-10 12:24,101,(구)합정동 주민센터,4,105,1050,32
SPB-16974,2020-12-10 15:44,114,홍대입구역 8번출구 앞,13,2020-12-10 15:58,101,(구)합정동 주민센터,5,13,0,32
SPB-04754,2020-12-10 16:08,151,망원1동주민센터,,2020-12-10 16:45,101,(구)합정동 주민센터,5,36,2960,41
SPB-16815,2020-12-10 16:52,106,합정역 7번출구 앞,2,2020-12-10 17:04,101,(구)합정동 주민센터,2,11,920,21
SPB-06127,2020-12-10 16:06,1925,동양미래대학교 정문 옆,6,2020-12-10 17:09,101,(구)합정동 주민센터,4,62,12610,66
SPB-23090,2020-12-10 17:09,141,연대 대운동장 옆,10,2020-12-10 17:40,101,(구)합정동 주민센터,3,30,3960,37
SPB-13851,2020-12-10 17:48,152,마포구민체육센터 앞,18,2020-12-10 17:52,101,(구)합정동 주민센터,1,4,1180,61
SPB-11422,2020-12-10 17:55,205,산업은행 앞,17,2020-12-10 18:21,101,(구)합정동 주민센터,2,25,4490,26
SPB-14445,2020-12-10 18:07,409,누리꿈스퀘어 옆,2,2020-12-10 18:32,101,(구)합정동 주민센터,1,25,5280,22
SPB-16104,2020-12-10 18:25,104,합정역 1번출구 앞,5,2020-12-10 18:36,101,(구)합정동 주민센터,5,10,1010,26
SPB-08739,2020-12-10 18:32,115,사루비아 빌딩 앞,1,2020-12-10 18:46,101,(구)합정동 주민센터,5,13,2590,24
SPB-17074,2020-12-10 18:33,267,삼성화재 사옥 옆,2,2020-12-10 18:49,101,(구)합정동 주민센터,2,,2390,31
SPB-06190,2020-12-10 18:23,226,샛강역 1번출구 앞,12,2020-12-10 18:50,101,(구)합정동 주민센터,1,25,0,24
SPB-23204,2020-12-10 19:04,408,LG CNS앞,12,2020-12-10 19:28,101,(구)합정동 주민센터,3,24,4800,22
SPB-16810,2020-12-10 21:26,152,마포구민체육센터 앞,25,2020-12-10 21:35,101,(구)합정동 주민센터,5,9,1200,46
SPB-17708,2020-12-10 21:47,826,서울역 서부교차로2,,2020-12-10 22:16,101,(구)합정동 주민센터,5,28,6800,22
SPB-06190,2020-12-10 22:11,101,(구)합정동 주민센터,1,2020-12-10 22:27,101,(구)합정동 주민센터,1,15,0,29
SPB-22624,2020-12-10 23:01,103,망원역 2번출구 앞,4,2020-12-10 23:09,101,(구)합정동 주민센터,5,6,760,23
SPB-18311,2020-12-10 23:35,109,제일빌딩 앞,9,2020-12-10 23:45,101,(구)합정동 주민센터,5,8,1500,26
SPB-16119,2020-12-11 2:27,151,망원1동주민센터,6,2020-12-11 2:33,101,(구)합정동 주민센터,2,5,1070,51
SPB-06454,2020-12-11 8:45,102,망원역 1번출구 앞,9,2020-12-11 8:54,101,(구)합정동 주민센터,5,9,1350,23
SPB-06454,2020-12-11 9:07,103,망원역 2번출구 앞,4,2020-12-11 9:14,101,(구)합정동 주민센터,3,5,1050,32
SPB-14547,2020-12-11 9:31,152,마포구민체육센터 앞,1,2020-12-11 9:46,101,(구)합정동 주민센터,4,13,0,27
SPB-15214,2020-12-11 9:44,104,합정역 1번출구 앞,12,2020-12-11 9:49,101,(구)합정동 주민센터,5,4,1210,21
SPB-09571,2020-12-11 9:45,391,정동길입구,4,2020-12-11 9:55,101,(구)합정동 주민센터,4,9,1110,22
SPB-22387,2020-12-11 9:49,104,합정역 1번출구 앞,11,2020-12-11 10:00,101,(구)합정동 주민센터,3,11,950,22
SPB-16422,2020-12-11 13:08,152,마포구민체육센터 앞,,2020-12-11 13:14,101,(구)합정동 주민센터,5,5,1180,33
SPB-16551,2020-12-11 14:58,421,마포구청 앞,8,2020-12-11 15:20,101,(구)합정동 주민센터,5,21,2820,29
SPB-03243,2020-12-11 15:29,113,홍대입구역 2번출구 앞,8,2020-12-11 15:40,101,(구)합정동 주민센터,4,11,2310,49
SPB-22542,2020-12-11 15:59,111,상수역 2번출구 앞,4,2020-12-11 16:11,101,(구)합정동 주민센터,1,11,1580,41
SPB-06373,2020-12-11 16:02,141,연대 대운동장 옆,4,2020-12-11 16:24,101,(구)합정동 주민센터,1,21,0,23
SPB-21813,2020-12-11 16:33,104,합정역 1번출구 앞,3,2020-12-11 16:40,101,(구)합정동 주민센터,5,6,800,34
SPB-09682,2020-12-11 17:08,183,하늘채코오롱아파트 건너편,6,2020-12-11 17:43,101,(구)합정동 주민센터,5,34,3810,23
SPB-06588,2020-12-11 17:52,203,국회의사당역 3번출구 옆,5,2020-12-11 18:18,101,(구)합정동 주민센터,4,25,5010,42
SPB-24761,2020-12-11 18:44,267,삼성화재 사옥 옆,2,2020-12-11 18:57,101,(구)합정동 주민센터,1,12,2310,27
SPB-07514,2020-12-11 18:59,225,앙카라공원 앞,2,2020-12-11 19:29,101,(구)합정동 주민센터,5,29,,24
SPB-21357,2020-12-11 20:53,104,합정역 1번출구 앞,9,2020-12-11 20:58,101,(구)합정동 주민센터,3,4,790,25
SPB-23941,2020-12-11 21:12,826,서울역 서부교차로2,17,2020-12-11 21:39,101,(구)합정동 주민센터,3,27,6150,44
SPB-22061,2020-12-11 21:45,106,합정역 7번출구 앞,2,2020-12-11 21:50,101,(구)합정동 주민센터,1,4,760,21
SPB-14672,2020-12-11 21:47,152,마포구민체육센터 앞,20,2020-12-11 21:57,101,(구)합정동 주민센터,1,9,1190,30
SPB-03614,2020-12-11 21:40,121,마포소방서 앞,13,2020-12-11 21:57,101,(구)합정동 주민센터,2,16,2940,25
SPB-18541,2020-12-11 23:13,108,서교동 사거리,9,2020-12-11 23:22,101,(구)합정동 주민센터,5,8,1570,24
SPB-18245,2020-12-11 23:46,103,망원역 2번출구 앞,14,2020-12-11 23:57,101,(구)합정동 주민센터,2,10,1720,51
SPB-13596,2020-12-11 23:51,103,망원역 2번출구 앞,9,2020-12-11 23:58,101,(구)합정동 주민센터,1,6,1040,34
SPB-18883,2020-12-12 2:10,151,망원1동주민센터,2,2020-12-12 2:20,101,(구)합정동 주민센터,5,9,570,27
SPB-17059,2020-12-12 8:46,103,망원역 2번출구 앞,7,2020-12-12 8:52,101,(구)합정동 주민센터,5,6,1170,24
SPB-15960,2020-12-12 9:10,103,망원역 2번출구 앞,1,2020-12-12 9:18,101,(구)합정동 주민센터,4,8,1060,63
SPB-20868,2020-12-12 9:46,104,합정역 1번출구 앞,8,2020-12-12 9:54,101,(구)합정동 주민센터,4,7,,35
SPB-08123,2020-12-12 11:42,113,홍대입구역 2번출구 앞,19,2020-12-12 11:54,101,(구)합정동 주민센터,,11,2150,43
SPB-08123,2020-12-12 12:56,101,(구)합정동 주민센터,3,2020-12-12 13:11,101,(구)합정동 주민센터,3,13,1710,25
SPB-16032,2020-12-12 13:06,152,마포구민체육센터 앞,30,2020-12-12 13:12,101,(구)합정동 주민센터,5,5,1170,24
SPB-22576,2020-12-12 14:01,421,마포구청 앞,1,2020-12-12 14:24,101,(구)합정동 주민센터,1,22,3900,21
SPB-22660,2020-12-12 14:19,111,상수역 2번출구 앞,6,2020-12-12 14:42,101,(구)합정동 주민센터,2,21,1770,28
SPB-08123,2020-12-12 14:28,101,(구)합정동 주민센터,3,2020-12-12 14:43,101,(구)합정동 주민센터,3,14,1870,38
SPB-07062,2020-12-12 15:32,113,홍대입구역 2번출구 앞,21,2020-12-12 15:57,101,(구)합정동 주민센터,3,24,2310,21
SPB-08123,2020-12-12 15:34,101,(구)합정동 주민센터,3,2020-12-12 16:18,101,(구)합정동 주민센터,5,43,5330,40
SPB-06693,2020-12-12 15:42,154,마포구청역,6,2020-12-12 16:37,101,(구)합정동 주민센터,1,54,2820,21
SPB-02367,2020-12-12 17:31,106,합정역 7번출구 앞,6,2020-12-12 17:38,101,(구)합정동 주민센터,2,6,1030,52
SPB-21790,2020-12-12 16:53,186,월드컵공원,30,2020-12-12 17:39,101,(구)합정동 주민센터,1,45,3580,25
SPB-22365,2020-12-12 18:18,148,용강동 주민센터 앞,1,2020-12-12 18:49,101,(구)합정동 주민센터,5,29,4790,29
SPB-08399,2020-12-12 18:47,432,마포중앙도서관,4,2020-12-12 19:00,101,(구)합정동 주민센터,3,12,2000,23
SPB-23798,2020-12-12 19:13,106,합정역 7번출구 앞,2,2020-12-12 19:27,101,(구)합정동 주민센터,1,12,440,57
SPB-14276,2020-12-12 19:07,410,상암중학교 옆,4,2020-12-12 19:33,101,(구)합정동 주민센터,4,25,,22
SPB-07062,2020-12-12 19:27,104,합정역 1번출구 앞,12,2020-12-12 19:33,101,(구)합정동 주민센터,1,5,1090,28
SPB-22277,2020-12-12 19:20,103,망원역 2번출구 앞,13,2020-12-12 20:14,101,(구)합정동 주민센터,1,50,4520,39
SPB-14593,2020-12-12 19:20,103,망원역 2번출구 앞,14,2020-12-12 20:15,101,(구)합정동 주민센터,1,54,5140,37
SPB-02239,2020-12-12 19:42,284,센트럴 푸르지오 시티 앞,11,2020-12-12 20:26,101,(구)합정동 주민센터,2,39,4660,47
SPB-02367,2020-12-12 20:24,101,(구)합정동 주민센터,2,2020-12-12 20:42,101,(구)합정동 주민센터,1,17,1820,52
SPB-21760,2020-12-12 20:28,826,서울역 서부교차로2,20,2020-12-12 20:57,101,(구)합정동 주민센터,5,27,6120,51
SPB-16068,2020-12-12 22:12,102,망원역 1번출구 앞,2,2020-12-12 22:20,101,(구)합정동 주민센터,2,7,1130,34
SPB-03852,2020-12-12 22:17,102,망원역 1번출구 앞,15,2020-12-12 22:27,101,(구)합정동 주민센터,5,9,1070,29
SPB-05480,2020-12-12 22:27,103,망원역 2번출구 앞,10,2020-12-12 22:33,101,(구)합정동 주민센터,2,6,1050,26
SPB-14488,2020-12-12 22:33,103,망원역 2번출구 앞,11,2020-12-12 22:39,101,(구)합정동 주민센터,1,5,1090,33
SPB-22933,2020-12-12 22:30,112,극동방송국 앞,5,2020-12-12 22:44,101,(구)합정동 주민센터,4,13,1700,21
SPB-17890,2020-12-12 22:03,391,정동길입구,3,2020-12-12 22:48,101,(구)합정동 주민센터,3,44,8120,25
SPB-14571,2020-12-12 22:54,114,홍대입구역 8번출구 앞,11,2020-12-12 23:07,101,(구)합정동 주민센터,2,13,2400,31
SPB-20415,2020-12-12 23:10,113,홍대입구역 2번출구 앞,1,2020-12-12 23:22,101,(구)합정동 주민센터,5,12,1250,24
SPB-08818,2020-12-12 23:13,108,서교동 사거리,2,2020-12-12 23:24,101,(구)합정동 주민센터,2,10,1360,65
SPB-16380,2020-12-13 0:35,419,홈플러스 앞,20,2020-12-13 0:51,101,(구)합정동 주민센터,1,16,,28
SPB-13790,2020-12-13 8:05,203,국회의사당역 3번출구 옆,2,2020-12-13 8:30,101,(구)합정동 주민센터,3,25,4980,29
SPB-08399,2020-12-13 6:49,101,(구)합정동 주민센터,3,2020-12-13 8:40,101,(구)합정동 주민센터,2,100,2830,24
SPB-14276,2020-12-13 11:23,101,(구)합정동 주민센터,,2020-12-13 12:45,101,(구)합정동 주민센터,5,81,2400,46
SPB-13611,2020-12-13 12:46,152,마포구민체육센터 앞,27,2020-12-13 12:57,101,(구)합정동 주민센터,1,10,1210,58
SPB-15132,2020-12-13 14:16,106,합정역 7번출구 앞,10,2020-12-13 14:28,101,(구)합정동 주민센터,1,11,950,30
SPB-18981,2020-12-13 14:42,134,연세로 명물길,1,2020-12-13 15:05,101,(구)합정동 주민센터,3,22,3890,25
SPB-20417,2020-12-13 18:24,116,일진아이윌아파트 옆,,2020-12-13 20:27,101,(구)합정동 주민센터,1,114,2970,35
SPB-20022,2020-12-13 18:23,116,일진아이윌아파트 옆,4,2020-12-13 20:28,101,(구)합정동 주민센터,4,122,3440,28
SPB-14218,2020-12-13 20:33,114,홍대입구역 8번출구 앞,6,2020-12-13 20:52,101,(구)합정동 주민센터,2,17,2590,37
SPB-19959,2020-12-13 20:46,102,망원역 1번출구 앞,,2020-12-13 20:55,101,(구)합정동 주민센터,3,8,1110,29
SPB-14218,2020-12-13 21:05,101,(구)합정동 주민센터,2,2020-12-13 21:25,101,(구)합정동 주민센터,2,19,1730,47
SPB-21297,2020-12-13 21:04,391,정동길입구,8,2020-12-13 21:51,101,(구)합정동 주민센터,1,45,7750,21
SPB-10067,2020-12-13 21:37,108,서교동 사거리,1,2020-12-13 21:58,101,(구)합정동 주민센터,,20,1270,25
SPB-08019,2020-12-13 21:56,112,극동방송국 앞,9,2020-12-13 22:06,101,(구)합정동 주민센터,5,10,1660,30
SPB-24279,2020-12-13 23:23,125,서강대 남문 옆,,2020-12-13 23:43,101,(구)합정동 주민센터,2,18,4670,41
SPB-18301,2020-12-13 23:40,103,망원역 2번출구 앞,9,2020-12-14 0:21,101,(구)합정동 주민센터,4,,6510,22
SPB-12984,2020-12-14 1:03,134,연세로 명물길,8,2020-12-14 1:32,101,(구)합정동 주민센터,1,27,3400,27
SPB-10067,2020-12-14 5:59,101,(구)합정동 주민센터,3,2020-12-14 7:00,101,(구)합정동 주민센터,2,59,2440,25
SPB-11714,2020-12-14 6:22,113,홍대입구역 2번출구 앞,5,2020-12-14 7:18,101,(구)합정동 주민센터,5,54,2410,43
SPB-24164,2020-12-14 10:04,182,망원2빗물펌프장 앞,4,2020-12-14 10:40,101,(구)합정동 주민센터,2,35,,26
SPB-11835,2020-12-14 10:31,182,망원2빗물펌프장 앞,7,2020-12-14 11:32,101,(구)합정동 주민센터,1,59,5080,30
SPB-00927,2020-12-14 13:45,1998,고척교 교차로,6,2020-12-14 14:40,101,(구)합정동 주민센터,4,54,9310,29
SPB-05095,2020-12-14 16:07,151,망원1동주민센터,8,2020-12-14 16:20,101,(구)합정동 주민센터,1,12,1130,28
SPB-14725,2020-12-14 16:30,152,마포구민체육센터 앞,24,2020-12-14 16:41,101,(구)합정동 주민센터,2,10,1200,59
SPB-17468,2020-12-14 21:40,106,합정역 7번출구 앞,5,2020-12-14 21:45,101,(구)합정동 주민센터,1,4,840,31
SPB-15033,2020-12-14 21:32,125,서강대 남문 옆,7,2020-12-14 21:56,101,(구)합정동 주민센터,3,23,5230,25
SPB-15025,2020-12-14 22:24,103,망원역 2번출구 앞,14,2020-12-14 22:31,101,(구)합정동 주민센터,2,7,1070,36
SPB-14235,2020-12-15 0:45,108,서교동 사거리,1,2020-12-15 1:16,101,(구)합정동 주민센터,5,30,2240,43
SPB-03852,2020-12-15 9:20,103,망원역 2번출구 앞,14,2020-12-15 9:27,101,(구)합정동 주민센터,2,6,690,21
SPB-19930,2020-12-15 9:51,104,합정역 1번출구 앞,8,2020-12-15 9:59,101,(구)합정동 주민센터,1,7,1120,24
SPB-19930,2020-12-15 10:19,101,(구)합정동 주민센터,1,2020-12-15 10:32,101,(구)합정동 주민센터,1,12,1040,30
SPB-19930,2020-12-15 10:43,101,(구)합정동 주민센터,1,2020-12-15 11:23,101,(구)합정동 주민센터,3,39,3370,37
SPB-22264,2020-12-15 12:02,103,망원역 2번출구 앞,5,2020-12-15 12:08,101,(구)합정동 주민센터,1,5,1030,23
SPB-19930,2020-12-15 12:54,101,(구)합정동 주민센터,3,2020-12-15 13:03,101,(구)합정동 주민센터,3,8,1350,37
SPB-12136,2020-12-15 13:49,103,망원역 2번출구 앞,12,2020-12-15 13:57,101,(구)합정동 주민센터,4,7,1270,46
SPB-19930,2020-12-15 13:09,101,(구)합정동 주민센터,3,2020-12-15 14:24,101,(구)합정동 주민센터,3,74,2860,25
SPB-06200,2020-12-15 14:26,115,사루비아 빌딩 앞,1,2020-12-15 14:44,101,(구)합정동 주민센터,4,,0,41
SPB-16226,2020-12-15 14:47,102,망원역 1번출구 앞,17,2020-12-15 14:55,101,(구)합정동 주민센터,3,7,1170,44
SPB-16430,2020-12-15 14:56,104,합정역 1번출구 앞,7,2020-12-15 15:05,101,(구)합정동 주민센터,1,9,1000,22
SPB-20868,2020-12-15 14:42,104,합정역 1번출구 앞,12,2020-12-15 15:10,101,(구)합정동 주민센터,2,25,1770,26
SPB-17824,2020-12-15 17:05,148,용강동 주민센터 앞,11,2020-12-15 17:34,101,(구)합정동 주민센터,5,28,5710,44
SPB-08573,2020-12-15 17:59,151,망원1동주민센터,6,2020-12-15 18:08,101,(구)합정동 주민센터,1,8,990,44
SPB-06910,2020-12-15 18:20,432,마포중앙도서관,9,2020-12-15 18:34,101,(구)합정동 주민센터,1,13,2330,33
SPB-11840,2020-12-15 18:35,106,합정역 7번출구 앞,10,2020-12-15 18:42,101,(구)합정동 주민센터,5,6,810,41
SPB-17824,2020-12-15 18:21,101,(구)합정동 주민센터,5,2020-12-15 18:47,101,(구)합정동 주민센터,1,25,1750,22
SPB-04690,2020-12-15 18:22,148,용강동 주민센터 앞,3,2020-12-15 18:54,101,(구)합정동 주민센터,1,30,5510,36
SPB-05294,2020-12-15 19:01,104,합정역 1번출구 앞,4,2020-12-15 19:09,101,(구)합정동 주민센터,1,8,1290,22
SPB-03379,2020-12-15 18:31,226,샛강역 1번출구 앞,18,2020-12-15 19:18,101,(구)합정동 주민센터,4,46,6850,33
SPB-07966,2020-12-15 19:10,410,상암중학교 옆,4,2020-12-15 19:32,101,(구)합정동 주민센터,3,20,4540,57
SPB-07239,2020-12-15 19:12,104,합정역 1번출구 앞,12,2020-12-15 20:06,101,(구)합정동 주민센터,1,53,1230,49
SPB-12175,2020-12-15 20:22,184,SK망원동주유소 건너편,7,2020-12-15 20:32,101,(구)합정동 주민센터,1,9,1470,22
SPB-13199,2020-12-15 20:25,403,부엉이공원 앞,1,2020-12-15 21:00,101,(구)합정동 주민센터,2,33,6840,23
SPB-17396,2020-12-15 20:38,346,맥스타일 앞,6,2020-12-15 21:02,101,(구)합정동 주민센터,1,24,5290,26
SPB-14833,2020-12-15 21:18,432,마포중앙도서관,2,2020-12-15 21:31,101,(구)합정동 주민센터,1,12,2440,37
SPB-11389,2020-12-15 21:22,245,삼성생명 당산사옥 앞,6,2020-12-15 21:46,101,(구)합정동 주민센터,3,23,3190,29
SPB-07788,2020-12-15 21:38,152,마포구민체육센터 앞,23,2020-12-15 21:49,101,(구)합정동 주민센터,1,11,1070,30
SPB-25156,2020-12-15 23:15,623,서울시립대 정문 앞,12,2020-12-15 23:33,101,(구)합정동 주민센터,1,17,2860,46
SPB-17319,2020-12-15 22:46,391,정동길입구,2,2020-12-15 23:34,101,(구)합정동 주민센터,2,48,8290,24
SPB-11389,2020-12-15 22:05,101,(구)합정동 주민센터,3,2020-12-15 23:37,101,(구)합정동 주민센터,1,91,2020,21
SPB-17800,2020-12-16 0:42,106,합정역 7번출구 앞,5,2020-12-16 0:50,101,(구)합정동 주민센터,4,7,940,49
SPB-01566,2020-12-16 1:29,106,합정역 7번출구 앞,1,2020-12-16 1:35,101,(구)합정동 주민센터,1,5,820,28
SPB-22267,2020-12-16 1:52,151,망원1동주민센터,9,2020-12-16 1:56,101,(구)합정동 주민센터,5,4,1000,44
SPB-23155,2020-12-16 1:45,124,서강대 정문 건너편,6,2020-12-16 2:01,101,(구)합정동 주민센터,1,14,2790,48
SPB-11546,2020-12-16 1:59,108,서교동 사거리,5,2020-12-16 2:09,101,(구)합정동 주민센터,1,9,1550,29
SPB-14751,2020-12-16 9:06,438,성산2-1 공영주차장,9,2020-12-16 9:26,101,(구)합정동 주민센터,5,19,3900,29
SPB-24781,2020-12-16 9:47,104,합정역 1번출구 앞,10,2020-12-16 9:53,101,(구)합정동 주민센터,3,6,1070,63
SPB-24781,2020-12-16 10:45,101,(구)합정동 주민센터,3,2020-12-16 11:50,101,(구)합정동 주민센터,4,64,5600,65
SPB-24858,2020-12-16 11:41,113,홍대입구역 2번출구 앞,21,2020-12-16 11:54,101,(구)합정동 주민센터,1,11,2060,67
SPB-24781,2020-12-16 12:54,101,(구)합정동 주민센터,4,2020-12-16 12:58,101,(구)합정동 주민센터,4,4,690,30
SPB-04514,2020-12-16 12:32,152,마포구민체육센터 앞,1,2020-12-16 13:04,101,(구)합정동 주민센터,3,32,1200,30
SPB-22373,2020-12-16 14:42,102,망원역 1번출구 앞,6,2020-12-16 14:50,101,(구)합정동 주민센터,2,8,1160,29
SPB-06607,2020-12-16 14:54,102,망원역 1번출구 앞,13,2020-12-16 15:04,101,(구)합정동 주민센터,4,9,1410,21
SPB-20633,2020-12-16 15:33,113,홍대입구역 2번출구 앞,24,2020-12-16 15:50,101,(구)합정동 주민센터,2,16,2240,22
SPB-09784,2020-12-16 15:59,148,용강동 주민센터 앞,10,2020-12-16 16:27,101,(구)합정동 주민센터,1,28,5030,45
SPB-04514,2020-12-16 16:55,101,(구)합정동 주민센터,3,2020-12-16 17:07,101,(구)합정동 주민센터,3,10,1840,25
SPB-17300,2020-12-16 18:14,148,용강동 주민센터 앞,2,2020-12-16 18:42,101,(구)합정동 주민센터,1,28,5390,21
SPB-06102,2020-12-16 18:55,151,망원1동주민센터,9,2020-12-16 19:02,101,(구)합정동 주민센터,2,6,,21
SPB-11141,2020-12-16 19:16,247,당산역 10번출구 앞,4,2020-12-16 19:31,101,(구)합정동 주민센터,4,15,2450,25
SPB-02757,2020-12-16 19:38,151,망원1동주민센터,2,2020-12-16 19:49,101,(구)합정동 주민센터,5,10,1310,28
SPB-09235,2020-12-16 19:23,403,부엉이공원 앞,8,2020-12-16 20:01,101,(구)합정동 주민센터,1,32,6450,58
SPB-23858,2020-12-16 21:01,826,서울역 서부교차로2,12,2020-12-16 21:31,101,(구)합정동 주민센터,1,29,6210,22
SPB-08753,2020-12-16 22:01,106,합정역 7번출구 앞,7,2020-12-16 22:07,101,(구)합정동 주민센터,1,5,590,22
SPB-07236,2020-12-16 22:15,152,마포구민체육센터 앞,25,2020-12-16 22:27,101,(구)합정동 주민센터,2,10,1200,32
SPB-16069,2020-12-16 23:13,104,합정역 1번출구 앞,1,2020-12-16 23:18,101,(구)합정동 주민센터,1,5,990,35
SPB-22144,2020-12-16 22:51,391,정동길입구,4,2020-12-16 23:32,101,(구)합정동 주민센터,3,38,7330,24
SPB-06351,2020-12-16 23:47,103,망원역 2번출구 앞,9,2020-12-16 23:53,101,(구)합정동 주민센터,1,5,0,22
SPB-16124,2020-12-17 0:20,104,합정역 1번출구 앞,9,2020-12-17 0:28,101,(구)합정동 주민센터,4,7,1070,21
SPB-20972,2020-12-17 1:00,104,합정역 1번출구 앞,11,2020-12-17 1:05,101,(구)합정동 주민센터,5,5,710,25
SPB-22802,2020-12-17 9:32,103,망원역 2번출구 앞,3,2020-12-17 9:39,101,(구)합정동 주민센터,2,6,930,25
SPB-18589,2020-12-17 10:01,106,합정역 7번출구 앞,3,2020-12-17 10:06,101,(구)합정동 주민센터,1,4,500,24
SPB-19322,2020-12-17 11:50,152,마포구민체육센터 앞,23,2020-12-17 11:56,101,(구)합정동 주민센터,3,6,1160,35
SPB-17788,2020-12-17 13:04,152,마포구민체육센터 앞,20,2020-12-17 13:10,101,(구)합정동 주민센터,4,5,1200,45
SPB-13934,2020-12-17 18:00,106,합정역 7번출구 앞,4,2020-12-17 18:06,101,(구)합정동 주민센터,2,5,860,58
SPB-17924,2020-12-17 18:33,148,용강동 주민센터 앞,1,2020-12-17 19:08,101,(구)합정동 주민센터,2,34,690,28
SPB-11626,2020-12-17 18:55,267,삼성화재 사옥 옆,3,2020-12-17 19:08,101,(구)합정동 주민센터,5,12,2060,42
SPB-10061,2020-12-17 21:53,106,합정역 7번출구 앞,8,2020-12-17 22:00,101,(구)합정동 주민센터,3,6,910,27
SPB-17924,2020-12-17 21:51,152,마포구민체육센터 앞,19,2020-12-17 22:01,101,(구)합정동 주민센터,2,9,1420,21
SPB-19322,2020-12-17 21:23,101,(구)합정동 주민센터,3,2020-12-17 22:40,101,(구)합정동 주민센터,1,71,1940,37
SPB-24072,2020-12-17 22:17,826,서울역 서부교차로2,20,2020-12-17 22:45,101,(구)합정동 주민센터,2,26,6130,31
SPB-22075,2020-12-17 23:48,103,망원역 2번출구 앞,4,2020-12-17 23:53,101,(구)합정동 주민센터,1,5,760,25
SPB-05410,2020-12-18 3:20,106,합정역 7번출구 앞,1,2020-12-18 3:24,101,(구)합정동 주민센터,1,3,830,39
SPB-09193,2020-12-18 9:04,203,국회의사당역 3번출구 옆,1,2020-12-18 9:28,101,(구)합정동 주민센터,4,21,4340,22
SPB-07205,2020-12-18 12:07,1160,양천향교역 7번출구앞,1,2020-12-18 12:55,101,(구)합정동 주민센터,1,47,10260,25
SPB-07247,2020-12-18 16:13,148,용강동 주민센터 앞,11,2020-12-18 17:05,101,(구)합정동 주민센터,4,52,7420,25
SPB-15391,2020-12-18 17:14,113,홍대입구역 2번출구 앞,22,2020-12-18 17:29,101,(구)합정동 주민센터,1,,2290,31
SPB-18517,2020-12-18 18:40,104,합정역 1번출구 앞,1,2020-12-18 18:48,101,(구)합정동 주민센터,4,8,990,55
SPB-12442,2020-12-18 18:25,226,샛강역 1번출구 앞,15,2020-12-18 19:16,101,(구)합정동 주민센터,3,49,6340,35
SPB-11712,2020-12-18 19:19,104,합정역 1번출구 앞,8,2020-12-18 19:25,101,(구)합정동 주민센터,1,5,890,38
SPB-23012,2020-12-18 19:53,267,삼성화재 사옥 옆,2,2020-12-18 20:05,101,(구)합정동 주민센터,2,12,2350,41
SPB-16711,2020-12-18 20:41,151,망원1동주민센터,2,2020-12-18 20:48,101,(구)합정동 주민센터,4,6,1040,26
SPB-23793,2020-12-18 21:43,826,서울역 서부교차로2,18,2020-12-18 22:10,101,(구)합정동 주민센터,5,25,6320,46
SPB-23154,2020-12-18 22:05,106,합정역 7번출구 앞,10,2020-12-18 22:11,101,(구)합정동 주민센터,5,5,510,25
SPB-07283,2020-12-18 22:15,152,마포구민체육센터 앞,17,2020-12-18 22:26,101,(구)합정동 주민센터,,11,0,39
SPB-10593,2020-12-18 23:29,106,합정역 7번출구 앞,5,2020-12-18 23:40,101,(구)합정동 주민센터,4,10,,28
SPB-18614,2020-12-18 23:07,391,정동길입구,5,2020-12-18 23:49,101,(구)합정동 주민센터,3,40,7510,28
SPB-24467,2020-12-19 1:04,103,망원역 2번출구 앞,3,2020-12-19 1:10,101,(구)합정동 주민센터,1,5,770,25
SPB-13450,2020-12-19 2:22,151,망원1동주민센터,10,2020-12-19 2:27,101,(구)합정동 주민센터,2,4,1070,22
SPB-25161,2020-12-19 3:13,106,합정역 7번출구 앞,6,2020-12-19 3:18,101,(구)합정동 주민센터,1,3,640,21
SPB-24515,2020-12-19 3:58,112,극동방송국 앞,1,2020-12-19 4:08,101,(구)합정동 주민센터,1,9,1620,21
SPB-12116,2020-12-19 4:22,112,극동방송국 앞,5,2020-12-19 4:33,101,(구)합정동 주민센터,1,11,2200,22
SPB-17768,2020-12-19 9:31,103,망원역 2번출구 앞,14,2020-12-19 9:37,101,(구)합정동 주민센터,,5,,22
SPB-18841,2020-12-19 20:40,113,홍대입구역 2번출구 앞,24,2020-12-19 20:53,101,(구)합정동 주민센터,1,12,2280,37
SPB-24467,2020-12-19 21:55,152,마포구민체육센터 앞,18,2020-12-19 22:05,101,(구)합정동 주민센터,1,10,1180,27
SPB-17570,2020-12-19 22:16,391,정동길입구,7,2020-12-19 23:04,101,(구)합정동 주민센터,5,48,8100,28
